,train_loss,train_time,loss_test,num_iterations
0,0.6706717,26.417627811431885,0.7671413501331041,296
