,train_loss,train_time,loss_test
0,0.6716041,62.10525417327881,0.7661548060369703
