,train_loss,train_time,loss_test,num_iterations
0,0.6704104,36.131412982940674,0.7674523326785347,437
