,train_loss,train_time,loss_test,num_iterations
0,0.64989865,1786.216103553772,0.674176394718778,2683
