,train_loss,train_time,loss_test,num_iterations
0,0.64624184,6162.523203372955,0.6714099608935193,2291
