,train_loss,train_time,loss_test
0,0.8257063,18492.97507071495,0.8435928988522061
