,train_loss,train_time,loss_test
0,0.7575453,773.7049071788788,0.7686694903031318
