,train_loss,train_time,loss_test
0,0.7800128696515918,5.1854870319366455,0.8253651361032655
