,train_loss,train_time,loss_test
0,0.7800128696515918,5.134901285171509,0.8253651361032655
