,train_loss,train_time,loss_test
0,0.64273316,9726.215257644653,0.6744600935996078
