,train_loss,train_time,loss_test
0,0.6412981,1314.2687513828278,0.769084739532062
