,train_loss,train_time,loss_test
0,0.65937155,6200.9777739048,0.7678975238717076
