,train_loss,train_time,loss_test
0,0.640153,3560.2287130355835,0.6739120269399088
