,train_loss,train_time,loss_test,num_iterations
0,0.6393566,1808.7931287288666,0.672376722982324,663
