,train_loss,train_time,loss_test,num_iterations
0,0.63633704,6527.391353607178,0.6731648087589268,828
