,train_loss,train_time,loss_test,num_iterations
0,0.63722235,14717.112918615341,0.6740039187532326,1962
