,train_loss,train_time,loss_test
0,1.0708909,2.891434907913208,1.0743398499788603
