,train_loss,train_time,loss_test
0,0.74717367,3628.320159673691,0.8059490157381758
