,train_loss,train_time,loss_test
0,0.8455868,743.8072636127472,0.8799724592029848
