,train_loss,train_time,loss_test
0,0.647214183819125,235.40540432929993,0.6730107663678888
