,train_loss,train_time,loss_test
0,0.647214183819125,225.92247700691223,0.6730107663678888
