,train_loss,train_time,loss_test
0,0.7067283985879309,128.34777092933655,0.7275011555163687
