,train_loss,train_time,loss_test
0,0.7067283985879309,127.55187487602234,0.7275011555163687
