,train_loss,train_time,loss_test
0,0.81598514,62899.56875920296,0.8337084247259084
