,train_loss,train_time,loss_test
0,0.7635611,1343.7258512973785,0.7766186521693321
