,train_loss,train_time,loss_test,num_iterations
0,0.64053285,4367.349655628204,0.672902808528248,527
