,train_loss,train_time,loss_test,num_iterations
0,0.6429862,1306.6598343849182,0.6726694184572098,426
