,train_loss,train_time,loss_test
0,0.7079114,51.279685258865356,0.7364983930206422
