,train_loss,train_time,loss_test,num_iterations
0,0.654351,6828.029733181,0.6848462217685232,867
