,train_loss,train_time,loss_test
0,0.64262414,3085.1936020851135,0.6737567351131668
