,train_loss,train_time,loss_test
0,0.74351686,448.6793532371521,0.7586816963272374
