,train_loss,train_time,loss_test
0,0.6568847,40656.805539131165,0.6801277651813686
