,train_loss,train_time,loss_test,num_iterations
0,0.64264274,11988.870176792145,0.670602276852036,4546
