,train_loss,train_time,loss_test,num_iterations
0,0.6373115,336.76973962783813,0.7757664140314307,3622
