,train_loss,train_time,loss_test
0,0.66280407,65.81592154502869,0.7663996465990602
