,train_loss,train_time,loss_test,num_iterations
0,0.6419513,306.9197008609772,0.7688144854064535,4576
