,train_loss,train_time,loss_test
0,0.6653553415160153,9.28348183631897,0.7856866754815598
