,train_loss,train_time,loss_test
0,0.6653553415160153,8.953519821166992,0.7856866754815598
