,train_loss,train_time,loss_test,num_iterations
0,0.65493375,1758.9764595031738,0.7716478128532244,2372
