,train_loss,train_time,loss_test,num_iterations
0,0.64076966,691.0061092376709,0.7687228638910951,4770
