,train_loss,train_time,loss_test
0,0.6593999,1820.1290500164032,0.7687236611509101
