,train_loss,train_time,loss_test
0,0.64130217,629.8430542945862,0.7690598016373039
