,train_loss,train_time,loss_test,num_iterations
0,0.6326004,778.4500048160553,0.7759119433584379,4232
