,train_loss,train_time,loss_test,num_iterations
0,0.68187195,2802.2384877204895,0.7701534575608097,4114
