,train_loss,train_time,loss_test
0,0.762328,214.17698621749878,0.8285894848504122
