,train_loss,train_time,loss_test
0,0.7802468,396.4213058948517,0.8350207725071073
