,train_loss,train_time,loss_test,num_iterations
0,0.76829183,3933.023626089096,0.8344841179596992,5016
