,train_loss,train_time,loss_test,num_iterations
0,0.6456587,26123.91184282303,0.6713692815064077,3617
