,train_loss,train_time,loss_test
0,0.6447233,9179.167690038681,0.6740841259213297
