,train_loss,train_time,loss_test,num_iterations
0,0.6712401,75.47603750228882,0.7675456145846046,427
