,train_loss,train_time,loss_test
0,0.6842749,83.25843858718872,0.7630361311345244
