,train_loss,train_time,loss_test
0,0.72808623,9.732888460159302,0.7736844825947871
