,train_loss,train_time,loss_test,num_iterations
0,0.68183017,402.7033910751343,0.7624796245984388,2693
