,train_loss,train_time,loss_test,num_iterations
0,0.6780833,292.23148369789124,0.7675832998606247,378
