,train_loss,train_time,loss_test
0,0.67587763,417.42254161834717,0.7707583635492045
