,train_loss,train_time,loss_test
0,0.6770407,1531.6871383190155,0.7706118755458904
