,train_loss,train_time,loss_test
0,0.802534,30.81902813911438,0.8333308366674972
