,train_loss,train_time,loss_test
0,1.4391916,11.984061479568481,1.4388973763559836
