,train_loss,train_time,loss_test
0,0.77161855,1159.8847754001617,0.7887683832910815
