,train_loss,train_time,loss_test,num_iterations
0,0.6404022,419.46621894836426,0.6735725891273462,1316
