,train_loss,train_time,loss_test
0,0.64109296,465.32668375968933,0.6743933783697004
