,train_loss,train_time,loss_test,num_iterations
0,0.6396935,166.732266664505,0.6740857696178711,489
