,train_loss,train_time,loss_test,num_iterations
0,0.7732623,3570.651387691498,0.8387253644254602,4467
