,train_loss,train_time,loss_test,num_iterations
0,0.6930583,373.3898949623108,0.7668797645007214,897
