,train_loss,train_time,loss_test
0,0.7800189,468.74778175354004,0.8355895038508406
