,train_loss,train_time,loss_test,num_iterations
0,0.7730429,621.6884272098541,0.8388127334886696,3802
