,train_loss,train_time,loss_test,num_iterations
0,0.6882847,979.3101012706757,0.7687539743310511,1548
