,train_loss,train_time,loss_test
0,0.7405703,1357.2573020458221,0.8038664819135398
