,train_loss,train_time,loss_test
0,0.7640991,2531.5886108875275,0.8433291067834582
