,train_loss,train_time,loss_test
0,1.1357917,2.2936911582946777,1.1347355969392896
