,train_loss,train_time,loss_test
0,0.7802337,1091.009991645813,0.8363941125373446
