,train_loss,train_time,loss_test
0,0.6385375,145.30156207084656,0.6749275659664027
