,train_loss,train_time,loss_test,num_iterations
0,0.6358801,226.99620461463928,0.6745254823056317,689
