,train_loss,train_time,loss_test,num_iterations
0,0.6371665,625.8968958854675,0.6740003391752735,2005
